{
    "items": [
        {
            "text": "स्वभावो नोपदेशेन शक्यते कर्तुमन्यथा ! सुतप्तमपि पानीयं पुनर्गच्छति शीतताम् !!"
        },
        {
            "text": "अनाहूतः प्रविशति अपृष्टो बहु भाषते ! अविश्वस्ते विश्वसिति मूढचेता नराधमः !!"
        },
        {
            "text": "ॐ भूर्भुवः स्वः तत्सवितुर्वरेण्यं भर्गो देवस्य धीमहि धियो यो नः प्रचोदयात्।"
        },
        {
            "text": "सर्वं परवशं दुःखं सर्वमात्मवशं सुखम्। एतद् विद्यात् समासेन लक्षणं सुखदुःखयोः॥"
        },
        {
            "text": "ॐ त्र्यम्बकं यजामहे सुगन्धिं पुष्टिवर्धनम् । उर्वारुकमिव बन्धनान् मृत्योर्मुक्षीय मामृतात् ॥"
        },
        {
            "text": "विद्वत्त्वं दक्षता शीलं सङ्कान्तिरनुशीलनम् । शिक्षकस्य गुणाः सप्त सचेतस्त्वं प्रसन्नता ॥"
        },
        {
            "text": "पुस्तकस्था तु या विद्या, परहस्तगतं च धनम् ! कार्यकाले समुत्तपन्ने न सा विद्या न तद् धनम् "
        },
        {
            "text": "यदा यदा हि धर्मस्य ग्लानिर्भवति भारत अभ्युत्थानमधर्मस्य तदाऽऽत्मानं सृजाम्यहम्।। परित्राणाय साधूनां विनाशाय च दुष्कृताम्। धर्मसंस्थापनार्थाय संभवामि युगे युगे।।"
        },
        {
            "text": "यस्य पुत्रो वशीभूतो भार्या छन्दानुगामिनी। विभवे यस्य सन्तुष्टिस्तस्य स्वर्ग इहैव हि ॥ "
        },
        {
            "text": "न ही कश्चित् विजानाति किं कस्य श्वो भविष्यति। अतः श्वः करणीयानि कुर्यादद्यैव बुद्धिमान्॥"
        },
        {
            "text": "आढ् यतो वापि दरिद्रो वा दुःखित सुखितोऽपिवा । निर्दोषश्च सदोषश्च व्यस्यः परमा गतिः ॥"
        },
        {
            "text": "शनैः पन्थाः शनैः कन्था शनैः पर्वतलङ्घनम्। शनैर्विद्या शनैर्वित्तं पञ्चैतनि शनैः शनैः॥"
        },
        {
            "text": "उद्योगे नास्ति दारिद्रयं जपतो नास्ति पातकम्। मौनेन कलहो नास्ति जागृतस्य च न भयम्॥ "
        },
        {
            "text": "न कश्चित कस्यचित मित्रं न कश्चित कस्यचित रिपु: । व्यवहारेण जायन्ते, मित्राणि रिप्वस्तथा ।।"
        },
        {
            "text": "यस्य कृत्यं न विघ्नन्ति शीतमुष्णं भयं रतिः । समृद्धिरसमृद्धिर्वा स वै पण्डित उच्यते ॥"
        },
        {
            "text": "अलसस्य कुतो विद्या अविद्यस्य कुतो धनम् । अधनस्य कुतो मित्रममित्रस्य कुतः सुखम् ॥"
        },
        {
            "text": "धर्मज्ञो धर्मकर्ता च सदा धर्मपरायणः। तत्त्वेभ्यः सर्वशास्त्रार्थादेशको गुरुरुच्यते॥"
        },
        {
            "text": "आहार निद्रा भय मैथुनं च सामान्यमेतत् पशुभिर्नराणाम्। धर्मो हि तेषामधिको विशेष: धर्मेण हीनाः पशुभिः समानाः॥"
        },
        {
            "text": "पश्य कर्म वशात्प्राप्तं भोज्यकालेऽपि भोजनम् । हस्तोद्यम विना वक्त्रं प्रविशेत न कथंचन । ।"
        },
        {
            "text": "नाभिषेको न संस्कारः सिंहस्य क्रियते वने। विक्रमार्जितसत्वस्य स्वयमेव मृगेन्द्रता॥"
        },
        {
            "text": "दारिद्रय रोग दुःखानि बंधन व्यसनानि च। आत्मापराध वृक्षस्य फलान्येतानि देहिनाम्।"
        },
        {
            "text": "अदेशकालज्ञमनायतिक्षमं यदप्रियं लाघवकारि चात्मनः। यच्चाब्रवीत् कारणवर्जितं वचो, न तद्भच: स्यात् विषमेव तद्भच:।"
        },
        {
            "text": "श्रूयतां धर्मसर्वस्वं, श्रुत्वा चैवावधार्यताम्। आत्मनः प्रतिकूलानि, परेषां न समाचरेत्।।"
        },
        {
            "text": "सुसूक्ष्मेणापि रंध्रेण प्रविश्याभ्यंतरं रिपु: नाशयेत् च शनै: पश्चात् प्लवं सलिलपूरवत्"
        },
        {
            "text": "गुरू ब्रह्मा गुरू विष्णु, गुरु देवो महेश्वरा गुरु साक्षात परब्रह्म, तस्मै श्री गुरुवे नमः "
        },
        {
            "text": "तावत्प्रीति भवेत् लोके यावद् दानं प्रदीयते । वत्स: क्षीरक्षयं दृष्ट्वा परित्यजति मातरम्"
        },
        {
            "text": "सर्वतीर्थमयी  माता  सर्वदेवमयः  पिता मातरं पितरं तस्मात्  सर्वयत्नेन पूजयेत् "
        },
        {
            "text": "आपदामापन्तीनां हितोऽप्यायाति हेतुताम् । मातृजङ्घा हि वत्सस्य स्तम्भीभवति बन्धने ॥"
        },
        {
            "text": "प्रातः स्मरामि भवभीतिहरं सुरेशं गङ्गाधरं वृषभवाहनमम्बिकेशम् । खट्वाङ्गशूलवरदाभयहस्तमीशं संसाररोगहरमौषधमद्वितीयम् ||"
        },
        {
            "text": "करचरण कृतं वा क्कायजं कर्मजं वा श्रवणनयनजं वा मानसं वापराधम् । विहितम विहितं वा सर्वमे तत्क्षमस्व जय जय करुणाब्धे श्रीमहादेव शम्भो ॥"
        },
        {
            "text": "मंदाकिनी सलिल चन्दन चर्चिताय नन्दी श्वर प्रमथ नाथ महेश्वराय। मन्दार पुष्प बहुपुष्प सु पूजिताय तस्मै मकाराय नमः शिवाय॥"
        },
        {
            "text": "श्वेतदेहाय रुद्राय श्वेतगंगाधराय च। श्वेतभस्माङ्गरागाय श्वेतस्वरूपिणे नमः।।"
        },
        {
            "text": "स्वस्ति प्रजाभ्यः परिपालयन्तां न्याय्येन मार्गेण महीं महीशाः। गोब्राह्मणेभ्यः शुभमस्तु नित्यं लोकाः समस्ताः सुखिनो भवन्तु॥"
        },
        {
            "text": "शीलं परं भूषणम्।"
        },
        {
            "text": "उद्धरेदात्मनात्मानं नात्मानमवसादयेत्। आत्मैव ह्यात्मनो बन्धुरात्मैव रिपुरात्मनः॥"
        },
        {
            "text": "वसुदेवसुतं देवं कंसचाणूरमर्दनम्। देवकीपरमानन्दं कृष्णं वन्दे जगद्गुरुम्॥"
        },
        {
            "text": "धर्म एव हतो हन्ति धर्मो रक्षति रक्षितः। तस्माद्धर्मो न हन्तव्यो मा नो धर्मो हतोऽवधीत्॥"
        },
        {
            "text": "अहमस्मि योधः।"
        },
        {
            "text": "नैनं छिन्दन्ति शस्त्राणि नैनं दहति पावकः। न चैनं क्लेदयन्त्यापो न शोषयति मारुतः॥"
        },
        {
            "text": "अतिरूपेण वै सीता चातिगर्वेण रावणः। अतिदानाद्बलिर्बद्धो ह्यति सर्वत्र वर्जयेत्॥"
        },
        {
            "text": "ईशा वास्यमिदं सर्वं यत्किञ्च जगत्यां जगत्‌। तेन त्यक्तेन भुञ्जीथा मा गृधः कस्यस्विद्धनम्‌॥"
        },
        {
            "text": "बुद्धियुक्तो जहातीह उभे सुकृतदुष्कृते। तस्माद्योगाय युज्यस्व योगः कर्मसु कौशलम्॥"
        },
        {
            "text": "रामो राजमणिः सदा विजयते रामं रमेशं भजे रामेणाभिहता निशाचरचमू रामाय तस्मै नमः। रामान्नास्ति परायणंपरतरं रामस्य दासोस्म्यहं रामे चित्तलयस्सदा भवतु मे भो राम मामुद्धर॥"
        },
        {
            "text": "अहं ब्रम्हास्मि।"
        },
        {
            "text": "ब्रह्म वा इदमग्र आसीत्तदात्मानमेवावेदहं ब्रह्मास्मीति।"
        },
        {
            "text": "राज्यं दास्ये न देवेभ्यो वीरभोग्या वसुंधरा। क्ञ्रणं दास्यामि ते रुद्र देवानां पार्टिसिने॥"
        },
        {
            "text": "तत्कर्म यन्न बन्धाय सा विद्या या विमुक्तये। आयासायापरं कर्म विद्यान्या शिल्पनैपुणम्॥"
        },
        {
            "text": "उक्तवानस्मि दुर्बुद्धिं मन्दं दुर्योधनं पुरा। यतः कृष्णस्ततो धर्मो यतो धर्मस्ततो जयः॥"
        },
        {
            "text": "स्वधर्मे निधनं श्रेयः परधर्मो भयावहः।"
        },
        {
            "text": "श्रेयान्स्वधर्मो विगुणः परधर्मात्स्वनुष्ठितात्। स्वधर्मे निधनं श्रेयः परधर्मो भयावहः॥"
        },
        {
            "text": "एकोऽहं द्वितीयो नास्ति न भूतो न भविष्यति।"
        },
        {
            "text": "स्वस्थस्य स्वास्थ्यरक्षणमातुरस्य विकारप्रशमनं च॥"
        },
        {
            "text": "यस्मान्नोद्विजते लोको लोकान्नोद्विजते च यः। हर्षामर्षभयोद्वेगैर्मुक्तो यः स च मे प्रियः॥"
        },
        {
            "text": "तस्मात्त्वमुत्तिष्ठ यशो लभस्व जित्वा शत्रून्भुङ्क्ष्व राज्यं समृद्धम्। मयैवैते निहताः पूर्वमेव निमित्तमात्रं भव सव्यसाचिन्॥"
        },
        {
            "text": "सुखदुःखे समे कृत्वा लाभालाभौ जयाजयौ। ततो युद्धाय युज्यस्व नैवं पापमवाप्स्यसि॥"
        },
        {
            "text": "न हि ज्ञानेन सदृशं पवित्रमिह विद्यते। तत्स्वयं योगसंसिद्धः कालेनात्मनि विन्दति॥"
        },
        {
            "text": "चरितं रघुनाथस्य शतकोटिप्रविस्तरम्‌।"
        },
        {
            "text": "चरितं रघुनाथस्य शतकोटिप्रविस्तरम्‌। एकैकमक्षरं पुंसां महापातकनाशनम्॥"
        },
        {
            "text": "राम रामेति रामेति रमे रामे मनोरमे। सहस्रनाम तत्तुल्यं रामनाम वरानने॥"
        },
        {
            "text": "परोपकारः पुण्याय पापाय परपीडनम्॥"
        },
        {
            "text": "अष्टादशपुराणानां सारं व्यासेन कीर्तितम्। परोपकार: पुण्याय पापाय परपीडनम्॥"
        },
        {
            "text": "यदभावि न तद्भावि भावि चेन्न तदन्यथा।"
        },
        {
            "text": "यदभावि न तद्भावि भावि चेन्न तदन्यथा। इति चिन्ताविषघ्नोऽयमगदः किं न पीयते॥"
        },
        {
            "text": "मम नियतिं नियच्छामि।"
        },
        {
            "text": "ईश्वरः परमः कृष्णः सच्चिदानन्दविग्रहः। अनादिरादिर्गोविन्दः सर्वकारणकारणम्॥"
        },
        {
            "text": "अप्राप्यं नाम नेहास्ति धीरस्य व्यवसायिनः।"
        },
        {
            "text": "भयमेवास्ति शत्रुः।"
        },
        {
            "text": "शान्ताकारं भुजगशयनं पद्मनाभं सुरेशं विश्वाधारं गगनसदृशं मेघवर्णं शुभाङ्गम्।"
        },
        {
            "text": "जननी जन्मभूमिश्च स्वर्गादपि गरीयसी।"
        },
        {
            "text": "दुःखेष्वनुद्विग्नमनाः सुखेषु विगतस्पृहः। वीतरागभयक्रोधः स्थितधीर्मुनिरुच्यते॥"
        },
        {
            "text": "नाभिषेको न संस्कारः सिंहस्य क्रियते वने। विक्रमार्जितसत्त्वस्य स्वयमेव मृगेन्द्रता॥"
        },
        {
            "text": "दैवायत्तं कुले जन्म मदायत्तं तु पौरुषम्।"
        },
        {
            "text": "सूतो वा सूतपुत्रो वा यो वा को वा भवाम्यहम्। दैवायत्तं कुले जन्म मदायत्तं तु पौरुषम्॥"
        },
        {
            "text": "योगस्थ: कुरु कर्माणि सङ्गं त्यक्त्वा धनञ्जय। सिद्ध्यसिद्ध्यो: समो भूत्वा समत्वं योग उच्यते॥"
        },
        {
            "text": "इन्द्रियाणां मनश्चास्मि भूतानामस्मि चेतना॥"
        },
        {
            "text": "वेदानां सामवेदोऽस्मि देवानामस्मि वासवः। इन्द्रियाणां मनश्चास्मि भूतानामस्मि चेतना॥"
        },
        {
            "text": "ब्रह्म सत्यं जगन्मिथ्या जीवो ब्रह्मैव नापरः।"
        },
        {
            "text": "कर्मण्येवाधिकारस्ते मा फलेषु कदाचन। मा कर्मफलहेतुर्भूर्मा ते सङ्गोऽस्त्वकर्मणि॥"
        },
        {
            "text": "शिवः सदा सहायते।"
        },
        {
            "text": "सत्यानन्दोऽन्तरतः विद्यते।"
        },
        {
            "text": "अयं बन्धुरयं नेति गणना लघुचेतसाम्। उदारचरितानां तु वसुधैव कुटुम्बकम्॥"
        },
        {
            "text": "कृषिमूलं जगत्सर्वम्।"
        },
        {
            "text": "अथातो ब्रह्मजिज्ञासा॥"
        },
        {
            "text": "सुखार्थिनः कुतो विद्या विद्यार्थिनः कुतः सुखम्।"
        },
        {
            "text": "सुखार्थिनः कुतो विद्या विद्यार्थिनः कुतः सुखम्। सुखार्थी वा त्यजेद्विद्यां विद्यार्थी वा त्यजेत्सुखम्॥"
        },
        {
            "text": "न जायते म्रियते वा कदाचिन्नायं भूत्वा भविता वा न भूयः। अजो नित्यः शाश्वतोऽयं पुराणो न हन्यते हन्यमाने शरीरे॥"
        },
        {
            "text": "जीवितं क्षणविनाषि शाश्वतं किमपि नात्र।"
        },
        {
            "text": "जीवेषु करुणा चापि मैत्री तेषु विधीयताम्।"
        },
        {
            "text": "जीवन्तं मृतवन्मन्ये देहिनं धर्मवर्जितम्। मृतो धर्मेण संयुक्तो दीर्घजीवी न संशयः॥"
        },
        {
            "text": "पुनर्जन्मने म्रियामहे।"
        },
        {
            "text": "अधरं मधुरं वदनं मधुरं नयनं मधुरं हसितं मधुरं। हृदयं मधुरं गमनं मधुरं मधुराधिपतेरखिलं मधुरं॥"
        },
        {
            "text": "चरन्मार्गान्विजानाति नक्षत्रैर्विन्दते दिशः। आत्मना चात्मनः पञ्च पीडयन्नानुपीड्यते॥"
        },
        {
            "text": "जीवनं सन्घर्षः एव​।"
        },
        {
            "text": "अनाथस्य जगन्नाथ नाथस्त्वं मे न संशयः। यस्य नाथो जगन्नाथस्तस्य दुःखं कथं प्रभो॥"
        },
        {
            "text": "सत्यं सत्सु सदा धर्मः सत्यं धर्म सनातनः। सत्यमेव नमस्येत सत्यं हि परमा गतिः॥"
        },
        {
            "text": "विद्वानेव विजानाति विद्वज्जन्परिश्रमम्।"
        },
        {
            "text": "विद्वानेव विजानाति विद्वज्जनपरिश्रमम्। न हि वन्ध्या विजानाति गुर्वीं प्रसववेदनां॥"
        },
        {
            "text": "लोकाभिरामं रणरङ्गधीरं राजीवनेत्रं रघुवंशनाथम्। कारुण्यरूपं करुणाकरं तं श्रीरामचंद्रं शरणं प्रपद्ये॥"
        },
        {
            "text": "अहम् अपि सर्वं कर्तुं शक्नोमि।"
        },
        {
            "text": "पदं हि सर्वत्र गुणैर्निधीयते।"
        }
    ]
}
